<?xml version="1.0" encoding="utf-8" ?><dwsync><file name="mw.EmbedPlayerHtml.js" server="173.255.237.42//home/rharris/public_html/BMWRAWHIDE/" local="3379618610" remote="3379618610" /><file name="mw.EmbedPlayerKplayer.js" server="173.255.237.42//home/rharris/public_html/BMWRAWHIDE/" local="3379618610" remote="3379618610" /><file name="mw.EmbedPlayerGeneric.js" server="173.255.237.42//home/rharris/public_html/BMWRAWHIDE/" local="3379618610" remote="3379618610" /><file name="mw.EmbedPlayerJava.js" server="173.255.237.42//home/rharris/public_html/BMWRAWHIDE/" local="3379618610" remote="3379618610" /><file name="mw.EmbedPlayerNative.js" server="173.255.237.42//home/rharris/public_html/BMWRAWHIDE/" local="3379618610" remote="3379618610" /><file name="loader.js" server="173.255.237.42//home/rharris/public_html/BMWRAWHIDE/" local="3379618610" remote="3379618610" /><file name="mw.EmbedPlayerVlc.js" server="173.255.237.42//home/rharris/public_html/BMWRAWHIDE/" local="3379618610" remote="3379618610" /><file name="mw.EmbedPlayer.js" server="173.255.237.42//home/rharris/public_html/BMWRAWHIDE/" local="3379618610" remote="3379618610" /></dwsync>